"","term","estimate","std.error","statistic","p.value"
"1","(Intercept)",0.996252814291062,0.686153395880857,1.45193891084968,0.159466993727044
"2","dam_data$Growing.Season",0.00978545479470835,0.00292459626164825,3.34591646820797,0.00269211308790535
