"","term","estimate","std.error","statistic","p.value"
"1","(Intercept)",2.0907151423533,0.433407666939552,4.82389976420259,6.49880555582691e-05
"2","dam_data$Tree.community..species.list.",0.00467978077113208,0.00149415971617968,3.13204854906509,0.004525248269216
