"","term","estimate","std.error","statistic","p.value"
"1","(Intercept)",32.2092245631344,4.65708599410535,6.91617560936234,3.7513074167504e-07
"2","dam_data$Tree.community..species.list.",-0.00578325778539859,0.0160551619594384,-0.360211737509055,0.721839538759753
