"","term","estimate","std.error","statistic","p.value"
"1","(Intercept)",34.5540608835951,7.62242313249998,4.53321211417217,0.000136107489492631
"2","dam_data$Growing.Season",0.0790283775447256,0.032489105689541,2.43245776907201,0.0228241364103218
