"","term","estimate","std.error","statistic","p.value"
"1","(Intercept)",-0.302836225396373,0.572551588031536,-0.528923911358872,0.601716309213889
"2","dam_data$Growing.Season",0.0158660634724793,0.00244039050744355,6.50144451229647,1.00631518569336e-06
