"","term","estimate","std.error","statistic","p.value"
"1","(Intercept)",3.04180402416099,1.49337752123825,2.03686206662522,0.05283889005597
"2","dam_data$Tree.community..species.list.",0.0168013030985885,0.005148373467961,3.26341964178496,0.00329272524288946
