"","term","estimate","std.error","statistic","p.value"
"1","(Intercept)",3.13976797587224,5.41652480797192,0.579664653478777,0.567542991384928
"2","dam_data$Growing.Season",0.0591284529439989,0.0230868903362104,2.56112677294003,0.0171425179004463
