"","term","estimate","std.error","statistic","p.value"
"1","(Intercept)",-0.0195495816131261,2.48825570571827,-0.00785674139848213,0.993796235954334
"2","dam_data$Growing.Season",0.0310374254575365,0.0106057091295547,2.92648281019184,0.00738515337502788
